Referencia,Descricao,Preco/Metro,DataInicio,DataFim,Observacoes,Unidade,MedidaBase,PrecoRS/CE,PrecoRS/RS,PrecoCE/CE,PrecoMG,Peso,Custo/RS,Custo/BA/CE,nov./22,,PRAZO,45 dias,,-3,,7,18,20,,,,M1294=0046581300023871972U 02IJ287 20260626V20|M1294=LS 11628 PRETO (7MM)|M1294=LS 11628|MFA=REFORCO FR
M4027,(fita tear 72fios pol. Cores),,02/07/2024,,,METRO,10MM,"R$ 0,49",,,,,,,,,,,,,,,,,,,,
M41411,(fita tear pol.cores c/goma),,20/04/2023,,,METRO,10MM,"R$ 0,62",,"R$ 0,60",,,,,,,,,,,,,,,,,,
MR100.004,(fita tear fio PET cores c/goma),,20/04/2023,,,METRO,10MM,"R$ 0,82",,"R$ 0,80",,,,,,,,,,,,,,,,,,
MR100.005,(fita tear 72fios PET cores),,02/07/2024,,,METRO,10MM,"R$ 0,55",,,,,,,,,,,,,,,,,,,,
M4140,(fita tear pol. c/refletivo 3mm colado),,02/07/2024,,,METRO,12MM,"R$ 1,26",,,,,,,,,,,,,,,,,,,,
M32226,(fita tear 84fios pol.c/cordão passadorM9064 c/goma ASICS),,18/09/2025,,,METRO,12MM,"R$ 2,58",,,,,,,,,,,,,,,,,,,,
M41550,(fita tear 56fios pol. Cores),,02/07/2024,,,METRO,12MM,"R$ 0,42",,"R$ 0,41",,,,,,,,,,,,,,,,,,
MR100.004,(fita tear fio PET cores c/goma),,20/04/2023,,,METRO,12MM,"R$ 0,99",,"R$ 0,96",,,,,,,,,,,,,,,,,,
MFG,(fita tear pol. Cores c/goma),,01/11/2023,,,METRO,14MM,"R$ 0,76","R$ 0,79","R$ 0,74",,,,,,,,,,,,,,,,,,
M31111,(fita tear pol.116fios c/bordas bicolor c/goma Adidas),,04/04/2024,,,METRO,14MM,"R$ 0,77",,"R$ 0,75",,,,,,,,,,,,,,,,,,
M2173,(fita debrun fio elastano cores PUMA),,08/08/2023,,,METRO,15MM,"R$ 2,80",,"R$ 2,72",,,,,,,,,,,,,,,,,,
M4139,(fita tear 120fios helanca c/goma),,11/08/2023,,,METRO,15MM,"R$ 1,32",,"R$ 1,28",,,,,,,,,,,,,,,,,,
M31111,(fita tear pol.116fios c/bordas bicolor c/goma Adidas),,14/12/2023,,,METRO,15MM,"R$ 0,80",,"R$ 0,78",,,,,,,,,,,,,,,,,,
M51100,(Fita tear 342fios pol.largura 22mm dupla face Peti Joli),,22/07/2026,,,METRO,15MM,"R$ 1,97",,,,,,,,,,,,,,,,,,,,
MFG,(fita tear pol. Cores c/goma),,01/11/2023,,,METRO,16MM,"R$ 0,87","R$ 0,91","R$ 0,84",,,,,,,,,,,,,,,,,,
MR100.004,(fita tear fio PET cores c/goma),,20/04/2023,,,METRO,18MM,"R$ 1,48",,"R$ 1,44",,,,,,,,,,,,,,,,,,
MR100.004,(fita tear fio PET cores c/goma),,07/02/2024,,,METRO,20MM,"R$ 1,64",,"R$ 1,60",,,,,,,,,,,,,,,,,,
M5124,(fita tear pol. Cores),,01/11/2023,,,METRO,22MM,"R$ 1,90","R$ 1,99","R$ 1,85",,,,,,,,,,,,,,,,,,
M51100,"(Fita tear 342fios pol.largura 22mm dupla face Peti Joli) (1mt=0,01822gr=54,88mts p/kg largura 22mm)",,22/07/2026,,,METRO,22MM,"R$ 2,88",,,,,,,,,,,,,,,,,,,,
M2173,(fita debrun fio elastano cores ADIDAS),,04/03/2024,,,METRO,25MM,"R$ 4,40",,"R$ 4,27",,,,,,,,,,,,,,,,,,
J31184,(elást. Tear jacar 48fios pol.base + 48fios pol.des. Petite jolie),,14/07/2026,,,METRO,27MM,"R$ 4,58",,,,,,,,,,,,,,,,,,,,
M41542,(Fita tear 8 fios poliéster ADIDAS fitilho),,01/10/2024,,,METRO,2MM,,"R$ 0,17",,,,,,,,,,,,,,,,,,,
MER,"(elást.redondo tranç.16f.monocolor 3,0mm espes.)",,22/09/2023,,,METRO,3mm,"R$ 1,16",,"R$ 1,13",,,,,,,,,,,,,,,,,,
M21173,(elast.tear 68fios pol.c/22 bor.revestida),,15/08/2023,,,METRO,3mm,"R$ 3,35",,"R$ 3,25",,,,,,,,,,,,,,,,,,
MTM,(Elást.tear pol.normal cores c/goma ADIDAS),,21/09/2023,,,METRO,30mm,"R$ 4,30",,"R$ 4,17",,,,,,,,,,,,,,,,,,
M51100,(Fita tear 342fios pol.largura 22mm dupla face Peti Joli),,22/07/2026,,,METRO,37mm,"R$ 4,98",,,,,,,,,,,,,,,,,,,,
MR100.004,(fita tear fio PET cores c/goma),,15/03/2024,,,METRO,8mm,"R$ 0,68",,"R$ 0,66",,,,,,,,,,,,,,,,,,
M9094,(fio cordão PET 14/2 retorcido fornecedor MAXITEX),,03/07/2026,,,METRO,,"R$ 0,34",,,,,,,,,,,,,,,,,,,,
MTM,(elást.tear pol. Normal),,30/06/2023,,,METRO,150mm,"R$ 18,75",,,,,,,,,,,,,,,,,,,,
MTM canelado,(elást. Tear pol. Canelado normal),,30/06/2023,,,METRO,150mm,"R$ 21,75",,,,,,,,,,,,,,,,,,,,
M/EXP,(elást.tear pol.tipo export. 5mm),,20/07/2023,,,METRO,5mm,"R$ 0,68",,"R$ 0,66",,,,,,,,,,,,,,,,,,
MR110.002,(cad.tear fio PET cores 8mm),,03/04/2023,,,PAR,100cm,"R$ 1,07",,"R$ 1,04",,,,,,,,,,,,,,,,,,
M13542,(cad.tranç.32fu. 2fios pol.por espu. Bicolor),,02/07/2024,,,PAR,100cm,"R$ 1,05",,,,,,,,,,,,,,,,,,,,
M13741,(cad.tranç.32fu.2 e 3fios pol.2x76/36 6mm ASICS),,18/09/2025,,,PAR,100cm,"R$ 0,74",,"R$ 0,72",,,,,,,,,,,,,,,,,,
M13767,(cad.tranç.32fu. 2 e 3fios pol.p/espul.cores Adidas),,05/11/2024,,,PAR,100cm,"R$ 0,87",,"R$ 0,85",,,,,,,,,,,,,,,,,,
M13767,(cad.tranç.32fu. 2 e 3fios pol.p/espul.cores Adidas) (com desconto concedido 05/11/2024),,06/11/2024,,,PAR,100cm,"R$ 0,78",,"R$ 0,76",,,,,,,,,,,,,,,,,,
M6034,(cad.tranç.48fu. 2fios p/esp. 30/2 Nike),,05/03/2026,,,PAR,100cm,"R$ 1,19",,"R$ 1,15",,,,,,,,,,,,,,,,,,
M15055,(cad.tranç.48fu.pol.2fios p/esp.8mm pont.cores),,15/08/2023,,,PAR,100cm,"R$ 1,56",,"R$ 1,52",,,,,,,,,,,,,,,,,,
M15102,(cad.tranç.48fu.pol.2 e 1 fios p/esp.),,01/02/2024,,,PAR,100cm,"R$ 0,96",,"R$ 0,93",,,,,,,,,,,,,,,,,,
M15110,(cad.tranç.48fu.pol.2/3 fios p/esp. 10mm),,28/02/2024,,,PAR,100cm,"R$ 1,16",,"R$ 1,13",,,,,,,,,,,,,,,,,,
M60109,(cad.tranç.48f. 2 e 1fios 30/2 p/esp. 8mm Adidas),,12/02/2026,,,PAR,100cm,"R$ 1,26",,"R$ 1,22",,,,,,,,,,,,,,,,,,
M18006/P,(cad.tranç.32fus.pol. ),,20/07/2023,,,PAR,100cm,"R$ 1,38",,"R$ 1,34",,,,,,,,,,,,,,,,,,
6AL,(cad.tear fio pol.cores 6mm),,20/07/2023,,,PAR,100cm,"R$ 1,13",,"R$ 1,10",,,,,,,,,,,,,,,,,,
M12048,(cad.tear 84fios pol. Cores 8mm Nike),,03/06/2026,,,PAR,100cm,"R$ 1,18",,"R$ 1,14",,,,,,,,,,,,,,,,,,
M12056,(cad.tear 76fios pol. Cores 6mm Nike),,20/04/2023,,,PAR,100cm,"R$ 0,76",,"R$ 0,74",,,,,,,,,,,,,,,,,,
M12125,(cad.tear pol.reflexx cores 6mm Adidas),,18/07/2023,,,PAR,100cm,"R$ 0,94",,"R$ 0,92",,,,,,,,,,,,,,,,,,
M12125,(cad.tear pol.reflexx cores 6mm Adidas) (desconto concedido 15/03/2024),,15/03/2024,,,PAR,100cm,"R$ 0,82",,"R$ 0,80",,,,,,,,,,,,,,,,,,
M12187,(cad.tear 66 fios pol. 8mm Nike Jordan),,30/01/2026,,,PAR,100cm,"R$ 0,78",,"R$ 0,76",,,,,,,,,,,,,,,,,,
M21020,(cad.tear reflexx cores 6mm),,20/07/2023,,,PAR,100cm,"R$ 0,82",,"R$ 0,80",,,,,,,,,,,,,,,,,,
M21020,(cad.tear reflexx cores 8mm),,20/07/2023,,,PAR,100cm,"R$ 1,10","R$ 1,15","R$ 1,07",,,,,,,,,,,,,,,,,,
M22031,(cad.tear 50fios Refelxx tubular 6mm cores Asics),,15/06/2026,,,PAR,100cm,"R$ 0,79",,"R$ 0,77",,,,,,,,,,,,,,,,,,
MR110.002,(cad.tear fio PET cores 6mm),,03/04/2023,,,PAR,100cm,"R$ 1,00",,"R$ 0,97",,,,,,,,,,,,,,,,,,
MR110.004,(cad.tear fio PET cores 6mm),,01/06/2023,,,PAR,100cm,"R$ 1,09",,"R$ 1,06",,,,,,,,,,,,,,,,,,
MR110.004,(cad.tear fio PET cores 6mm) (desconto concedido 15/03/2024),,15/03/2024,,,PAR,100cm,"R$ 0,98",,"R$ 0,95",,,,,,,,,,,,,,,,,,
MR110.013,(cad.tear fio PET cores 6mm),,20/04/2023,,,PAR,100cm,"R$ 1,30",,"R$ 1,26",,,,,,,,,,,,,,,,,,
MR110.030,(cad.tear 66 fios PET 8mm Nike Jordan),,05/03/2026,,,PAR,100cm,"R$ 0,78",,"R$ 0,76",,,,,,,,,,,,,,,,,,
MR130.001,(cad.tranç.32fu.PET 2/3fios p/espu.M18011),,04/08/2023,,,PAR,100cm,"R$ 1,40",,"R$ 1,36",,,,,,,,,,,,,,,,,,
MR140.016,(cad.tranç.48fu.fio 30/2 PET ),,09/06/2023,,,PAR,100cm,"R$ 1,82",,"R$ 1,77",,,,,,,,,,,,,,,,,,
MR140.019,(cad.tranç.48fu. Fio PET cores Nike),,20/02/2025,,,PAR,100cm,"R$ 0,92",,"R$ 0,89",,,,,,,,,,,,,,,,,,
MR140.020,(cad.tranç;48fu.2 e 1fios PET p/esp.8mm Adidas),,25/10/2024,,,PAR,100cm,"R$ 1,06",,"R$ 1,03",,,,,,,,,,,,,,,,,,
MR140.024,(cad.tranç.48fu 2fios PET por espulas 6mm Nike),,20/05/2026,,,PAR,100cm,"R$ 0,98",,"R$ 0,95",,,,,,,,,,,,,,,,,,
M9080,(cordão juta encerado),,18/07/2023,,,PEÇA,17cm,"R$ 0,10",,,,,,,,,,,,,,,,,,,,
M41552,Fita tear com 132 fios poliéster desenho sarjado cores c/refletivo colocado 5mm,0,17/08/2026 21:00:00,,,metros,20mm,"R$ 2,08",0,"R$ 2,02",0,1,,,,,,,,,,,,,,,,
M5124,(fita tear pol. Cores),,17/09/2026,,,METRO,15mm,,"R$ 1,36",,,,,,,,,,,,,,,,,,,